method,estimand,estimate,se,p_value,ci_lower,ci_upper,n_obs,true_att,bias,covers,rejects
TWFE,Y_any,0.02146690518783485,0.028726448349774746,0.45807329860014756,-0.03483693357772365,0.07777074395339335,1960,0.04327387745057657,-0.02180697226274172,TRUE,FALSE
Matrix Completion,Y_any,0.022774394309867774,0.022870749405895643,0.3193536613636299,-0.022052274525687685,0.06760106314542323,1960,0.04327387745057657,-0.020499483140708798,TRUE,FALSE
Synthetic DiD,Y_any,0.013227302533921686,0.0023227302533921686,1.235732704686491e-8,0.008674751237273036,0.017779853830570336,1960,0.04327387745057657,-0.030046574916654883,FALSE,TRUE
TROP,Y_any,0.06833989673308886,0.02801461063380409,0.014710139737304544,0.013431259890832846,0.12324853357534488,1960,0.04327387745057657,0.025066019282512293,TRUE,TRUE
