method,estimand,estimate,se,p_value,ci_lower,ci_upper,n_obs,true_att,bias,covers,rejects
TWFE,Y_any,0.2109481216457915,0.03860911730073178,1.1623326758383554e-6,0.1352742517363572,0.2866219915552258,1960,0.12839228363352007,0.08255583801227143,FALSE,TRUE
Matrix Completion (fect),Y_any,0.2109451359664767,0.03557552572016007,3.0385558885886297e-9,0.14327756312240805,0.2656145341660492,1960,0.12839228363352007,0.08255285233295664,FALSE,TRUE
TROP,Y_any,0.194813145294843,0.0473813629914424,3.92929019010427e-5,0.1019456738316159,0.2876806167580701,1960,0.12839228363352007,0.06642086166132294,TRUE,TRUE
SynthDiD,Y_any,0.058504467817322416,0.08565253248683725,0.49457889643603103,-0.10937449585687861,0.22638343149152343,1960,0.12839228363352007,-0.06988781581619766,TRUE,FALSE
