method,estimand,estimate,se,p_value,ci_lower,ci_upper,n_obs,true_att,bias,covers,rejects
TWFE,Y_any,0.1263327370304063,0.026310752631029555,1.2500434275360336e-5,0.07476366187358836,0.17790181218722423,1960,0.04856130802121707,0.07777142900918922,FALSE,TRUE
Matrix Completion,Y_any,0.10621082552939864,0.024102316425590357,1.0497452422089156e-5,0.05897028533524155,0.15345136572355575,1960,0.04856130802121707,0.05764951750818158,FALSE,TRUE
TROP,Y_any,0.11019776067945838,0.03428398244010254,0.0013077950216780511,0.043001155096857396,0.17739436626205937,1960,0.04856130802121707,0.06163645265824132,TRUE,TRUE
SynthDiD,Y_any,-0.0261109167980622,0.07802948993879036,0.7379050955165991,-0.1790487170780913,0.12682688348196688,1960,0.04856130802121707,-0.07467222481927926,TRUE,FALSE
