method,estimand,estimate,se,p_value,ci_lower,ci_upper,n_obs,true_att,bias,covers,rejects
TWFE,Y_any,0.24432915921286918,0.04467614662478759,1.1404434134537881e-6,0.15676391182828553,0.33189440659745284,1960,0.17114553868617927,0.07318362052668992,TRUE,TRUE
Matrix Completion,Y_any,0.24262477741620395,0.038559091902493875,3.128273966769502e-10,0.16704895728731595,0.31820059754509195,1960,0.17114553868617927,0.07147923873002468,TRUE,TRUE
Synthetic DiD,Y_any,0.27318013810981556,0.03703508651449458,1.6280748825371055e-13,0.2005913685414062,0.34576890767822493,1960,0.17114553868617927,0.1020345994236363,FALSE,TRUE
TROP,Y_any,0.23935860189593972,0.03840754199392483,4.6030314557243706e-10,0.16407981958784706,0.31463738420403237,1960,0.17114553868617927,0.06821306320976045,TRUE,TRUE
